{"cameraMode":{"drawMode":0,"name":"Shaded","section":"Shading Mode"},"sceneLighting":true,"audioPlay":false,"sceneViewState":{"m_AlwaysRefresh":false,"showFog":true,"showSkybox":true,"showFlares":true,"showImageEffects":true,"showParticleSystems":true,"showVisualEffectGraphs":true,"m_FxEnabled":true},"in2DMode":false,"pivot":{"x":20.200000762939454,"y":1.3610000610351563,"z":8.920000076293946},"rotation":{"x":-0.46072453260421755,"y":-0.004797542002052069,"z":0.002484437543898821,"w":-0.8875452280044556},"size":9.786483764648438,"orthographic":false}