{"Name":"bad Bonus and test","Position":{"X":21.149999618530275,"Y":2.2699999809265138,"Z":16.540000915527345},"Rotation":{"X":0.0,"Y":0.0,"Z":0.0,"W":1.0},"BonusColor":{},"HightOfFly":5.536013603210449,"SpeedOfRotation":7.215039253234863}